{
    "actorSpecification": 1,
    "name": "rag-web-browser",
    "title": "RAG Web browser",
    "description": "Web browser for OpenAI Assistants API and RAG pipelines, similar to a web browser in ChatGPT. It queries Google Search, scrapes the top N pages from the results, and returns their cleaned content as Markdown for further processing by an LLM.",
    "version": "1.0",
    "input": "./input_schema.json",
    "dockerfile": "./Dockerfile",
    "storages": {
        "dataset": {
            "actorSpecification": 1,
            "title": "RAG Web Browser",
            "description": "Too see all scraped properties, export the whole dataset or select All fields instead of Overview.",
            "views": {
                "overview": {
                    "title": "Overview",
                    "description": "An view showing just basic properties for simplicity.",
                    "transformation": {
                        "flatten": ["metadata"],
                        "fields": [
                            "metadata.url",
                            "metadata.title",
                            "markdown"
                        ]
                    },
                    "display": {
                        "component": "table",
                        "properties": {
                            "metadata.url": {
                                "label": "Page URL",
                                "format": "text"
                            },
                            "metadata.title": {
                                "label": "Page title",
                                "format": "text"
                            },
                            "text": {
                                "label": "Extracted Markdown",
                                "format": "text"
                            }
                        }
                    }
                },
                "searchResults": {
                    "title": "Search results",
                    "description": "A view showing just the Google Search results, without the page content.",
                    "transformation": {
                        "flatten": ["searchResult"],
                        "fields": [
                            "searchResult.title",
                            "searchResult.description",
                            "searchResult.url"
                        ]
                    },
                    "display": {
                        "component": "table",
                        "properties": {
                            "searchResult.description": {
                                "label": "Description",
                                "format": "text"
                            },
                            "searchResult.title": {
                                "label": "Title",
                                "format": "text"
                            },
                            "searchResult.url": {
                                "label": "URL",
                                "format": "text"
                            }
                        }
                    }
                }
            }
        }
    }
}
